<?xml version="1.0" encoding="UTF-8"?>

<mule xmlns:file="http://www.mulesoft.org/schema/mule/file"
	xmlns:ee="http://www.mulesoft.org/schema/mule/ee/core"
	xmlns:jms="http://www.mulesoft.org/schema/mule/jms"
	xmlns="http://www.mulesoft.org/schema/mule/core"
	xmlns:doc="http://www.mulesoft.org/schema/mule/documentation"
	xmlns:xsi="http://www.w3.org/2001/XMLSchema-instance"
	xsi:schemaLocation="http://www.mulesoft.org/schema/mule/core http://www.mulesoft.org/schema/mule/core/current/mule.xsd
http://www.mulesoft.org/schema/mule/jms http://www.mulesoft.org/schema/mule/jms/current/mule-jms.xsd
http://www.mulesoft.org/schema/mule/ee/core http://www.mulesoft.org/schema/mule/ee/core/current/mule-ee.xsd
http://www.mulesoft.org/schema/mule/file http://www.mulesoft.org/schema/mule/file/current/mule-file.xsd">
	<file:config name="File_Config" doc:name="File Config"
		doc:id="c06a8c9e-53b3-452b-ad36-f9a1104e312e">
		<file:connection
			workingDir="C:\testb\mulesoft\exchange\inbound\poc" />
	</file:config>
	<flow name="consumerFlow"
		doc:id="8a346ab7-2ef8-4068-b56c-20dd00212811">
		<jms:listener doc:name="On New Message"
			doc:id="021ec217-f4f2-4b1c-a449-a1c36198949a" config-ref="JMS_Config"
			destination=" PRODUCT_INPUT" ackMode="IMMEDIATE" />

		
		<logger level="INFO" doc:name="Logger1"
			doc:id="39cae785-6120-4602-ab95-38657b425b2c"
			message="#[vars.eanCode]" />
		<set-variable variableName="outputFileName" value="#['Product_' ++ (now() as String {format: 'yyyy-MM-dd'}) ++ '.csv']" />
<flow-ref doc:name="Flow Reference" doc:id="efbead0b-32ca-4d6f-9381-219ce88b41a9" name="EANValueMapping"/>
		<flow-ref doc:name="Flow Reference" doc:id="c5b1699b-6ff8-43b4-a78d-01db977e8800" name="SalesDataMapping"/>
		<flow-ref doc:name="Flow Reference" doc:id="907a0b21-dc6f-49d8-a59c-91c1543314ad" name="vendorMapping"/>
		<logger level="INFO" message="#[vars.outputpath]" />
		<ee:transform doc:name="Transform Message" doc:id="608a3c7f-6e7c-4a89-ac34-fc20f89db5b1" >
			<ee:message >
				<ee:set-payload ><![CDATA[%dw 2.0
output application/csv
var article = payload.Articles.Article // Assuming there's one Article
---
{
  "Article Number": article.Article_Number,
  "Article Description": article.Article_Description,
  "Article Category Code": article.Article_category_Code,
  "Article Category Description": article.Article_Category_Desc,
  "Article Deletion Flag": article.Article_Deletion_Flag,
  "Article Ordering Date": article.Article_Ordering_Date,
  "Article Type Code": article.Article_Type_Code,
  "Article Type Description": article.Article_Type_Desc,
  "Article Valid To Date": article.Article_Valid_To_Date,
  "Base Merchandise Category - Code": article.Base_Merchandising_Category_Code,
  "Base Merchandise Category - Description": article.Base_Merchandise_Category_Desc,
  "Country of Origin - Code": article.Country_of_Origin_Code,
  "Country of Origin - Name": article.Country_of_Origin_Name,
  "Country of Origin - ISO": article.Country_of_Origin_ISO,
  "Created By": article.Created_By,
  "Created On": article.Created_On,
  "Last Modified By": article.Last_Modified_By,
  "Last Modified On": article.Last_Modified_On,
  "Electrical WEEE": article.Electrical_WEEE,
  "Exclusive": article.Exclusive,
  "Exclusive From": article.Exclusive_From,
  "Exclusive To": article.Exclusive_To,
  "Own Brand": article.Own_Brand,
  "Product License Number": article.Product_License_Number,
  "Purchasing Group Code": article.Purchasing_Group_Code,
  "Purchasing Group Name": article.Purchasing_Group_Name,
  "Remaining Shelf Life": article.Remaining_Shelf_Life,
  "Staff Discount Allowed": article.Staff_Discount_Allowed,
  "Storage Percentage": article.Storage_Percentage,
  "Total Shelf Life": article.Total_Shelf_Life,
  "Workflow Status": article.Workflow_Status,
  "X-Site Status Valid From Date": article.X_site_status_Valid_From_Date,
  "EAN Code": vars.eanCode,
  "EAN Category Code": vars.eanCategoryCode,
  "EAN Category Description": vars.eanCategoryDesc,
  "EAN Length": vars.eanLength,
  "Article Hierarchy Code": article.Article_Hierarchy_Code,
  "Article Hierarchy Description": article.Article_Hierarchy_Desc,
  "Article Hierarchy Parent Code": article.Article_Hierarchy_Parent_Code,
  "Article Hierarchy Modify Flag Code": article.Article_Hierarchy_Modify_Flag_Code,
  "Mainframe Hierarchy Code": article.Mainframe_Hierarchy_Code,
  "Mainframe Hierarchy Desc": article.Mainframe_Hierarchy_Desc,
  "Parent Code": article.Parent_Code,
  "Level": article.Level,
  "License Type Code": vars.licenseTypeCode,
  "License Type Description": vars.licenseTypeDesc,
  "Type Code": article.Type_Code,
  "Type Description": article.Type_Desc,
  "Vendor Account Number": vars.vendorNumber,
  "Vendor Subrange": vars.vendorSubrangeCode,
  "Prior Vendor": vars.priorVendor,
  "Regular Vendor": vars.regularVendor
}
]]></ee:set-payload>
			</ee:message>
		</ee:transform>
		<file:write doc:name="Write" doc:id="08122834-5e62-443d-b09f-69bccb02129c" config-ref="File_Config" path="#[vars.outputFileName]"/>
		<jms:publish doc:name="Publish" doc:id="71222812-f30a-4e72-95bb-ef8809f0aa7a" config-ref="JMS_Config" destination="PRODUCT_OUTPUT"/>

	</flow>
	<sub-flow name="EANValueMapping" doc:id="bcf87e99-11e3-4274-92cc-3ab9e650bc3d" >


		<set-variable
			value='#[%dw 2.0&#10;output text/plain&#10;---&#10;""]'
			doc:name="Set Encode" doc:id="9840d4e6-dcb0-4861-ad5f-d0caaa41afd5"
			variableName="eanCode" />


		<set-variable
			value='#[%dw 2.0&#10;output text/plain&#10;---&#10;""]'
			doc:name="Set eanCategoryCode"
			doc:id="028c98df-89c2-4660-b6b5-4b40f5c2ae50"
			variableName="eanCategoryCode" />

		<set-variable
			value='#[%dw 2.0&#10;output text/plain&#10;---&#10;""]'
			doc:name="Set eanCategoryDesc"
			doc:id="4bed73f4-f408-4ea9-a103-0033ba3403d2"
			variableName="eanCategoryDesc" />

		<set-variable
			value='#[%dw 2.0&#10;output text/plain&#10;---&#10;""]'
			doc:name="Set eanLength"
			doc:id="0038420c-e82a-4276-b8e7-721c54b77e16"
			variableName="eanLength" />

		<foreach doc:name="For Each"
			doc:id="d9781ad2-61d2-492b-bfd7-c4761882aa4f"
			collection="#[%dw 2.0&#10;output application/java&#10;---&#10;payload.Articles.Article.Alternalte_Units_Of_Measure]">

			<set-variable
				value='#[%dw 2.0&#10;output text/plain&#10;var eanCode = vars.eanCode&#10;---&#10;eanCode ++ (if (eanCode != "") "|" else "") ++ (payload.Units_Of_Measure.EAN_Code as String)]'
				doc:name="reseteanCode"
				doc:id="a7c1e17d-742f-464e-83f1-b2c158d6d8f6" variableName="eanCode" />

			<set-variable
				value='#[%dw 2.0&#10;output text/plain&#10;var eanCategoryCode = vars.eanCategoryCode&#10;---&#10;eanCategoryCode ++ (if (eanCategoryCode != "") "|" else "") ++ (payload.Units_Of_Measure.EAN_Category_Code as String)]'
				doc:name="reseteanCategoryCode"
				doc:id="77bab2c4-f6bf-4f3f-87e4-ab663b296fa3"
				variableName="eanCategoryCode" />

			<set-variable
				value='#[%dw 2.0&#10;output text/plain&#10;var eanCategoryDesc = vars.eanCategoryDesc&#10;---&#10;eanCategoryDesc ++ (if (eanCategoryDesc != "") "|" else "") ++ (payload.Units_Of_Measure.EAN_Category_Desc as String)]'
				doc:name="reseteanCategoryDesc"
				doc:id="cdd34d7a-7068-4f10-95e9-b819c8d2e6d3"
				variableName="eanCategoryDesc" />

			<set-variable
				value='#[%dw 2.0&#10;output text/plain&#10;var eanLength = vars.eanLength&#10;---&#10;eanLength ++ (if (eanLength != "") "|" else "") ++ (payload.Units_Of_Measure.Length as String)]'
				doc:name="reseteanLength"
				doc:id="5442d774-15ce-4d6a-a343-1f8a0cbb03f3"
				variableName="eanLength" />

		</foreach>
	</sub-flow>
	<sub-flow name="SalesDataMapping" doc:id="b07da865-becc-44cd-a0c2-9bd8fc32b2c1" >


		<set-variable
			value='#[%dw 2.0&#10;output text/plain&#10;---&#10;""]'
			doc:name="Set licenseTypeCode" doc:id="83a3bb39-81fd-4a8e-a784-6af6f69598d7"
			variableName="licenseTypeCode" />


		<set-variable
			value='#[%dw 2.0&#10;output text/plain&#10;---&#10;""]'
			doc:name="Set licenseTypeDesc"
			doc:id="b5e221d5-9cf6-4ebd-9c59-4f2b4ec2822d"
			variableName="licenseTypeDesc" />

		<foreach doc:name="For Each"
			doc:id="3ef68e32-407b-43dc-ab68-d527bda903c4"
			collection="#[%dw 2.0&#10;output application/java&#10;---&#10;payload.Articles.Article.Sales_Organization]">

			<set-variable
				value='#[%dw 2.0&#10;output text/plain&#10;var licenseTypeCode = vars.licenseTypeCode&#10;---&#10;licenseTypeCode ++ (if (licenseTypeCode != "") "|" else "") ++ (payload.Sales_Data.Product_License_Code as String)]'
				doc:name="resetlicenseTypeCode"
				doc:id="148c792b-6316-42fd-b9fc-aa69df0f065b" variableName="licenseTypeCode" />

			<set-variable
				value='#[%dw 2.0&#10;output text/plain&#10;var licenseTypeDesc = vars.licenseTypeDesc&#10;---&#10;licenseTypeDesc ++ (if (licenseTypeDesc != "") "|" else "") ++ (payload.Sales_Data.Product_License_Desc as String)]'
				doc:name="resetlicenseTypeDesc"
				doc:id="55faa757-eb07-419d-8ddc-9929474b5532"
				variableName="licenseTypeDesc" />

		</foreach>
	</sub-flow>
	<sub-flow name="vendorMapping" doc:id="febf7fa6-4105-4371-a72a-8dddbd6eb0d4" >


		<set-variable
			value='#[%dw 2.0&#10;output text/plain&#10;---&#10;""]'
			doc:name="Set vendorNumber" doc:id="0517873e-8134-4042-a329-aff25b22a916"
			variableName="vendorNumber" />


		<set-variable
			value='#[%dw 2.0&#10;output text/plain&#10;---&#10;""]'
			doc:name="Set vendorSubrangeCode"
			doc:id="d7a60bd1-e85f-454e-9609-015e04ef7233"
			variableName="vendorSubrangeCode" />

		<set-variable
			value='#[%dw 2.0&#10;output text/plain&#10;---&#10;""]'
			doc:name="Set priorVendor"
			doc:id="bf775309-3f24-4077-9740-cde60992b684"
			variableName="priorVendor" />

		<set-variable
			value='#[%dw 2.0&#10;output text/plain&#10;---&#10;""]'
			doc:name="Set regularVendor"
			doc:id="e989a67f-9a4f-483f-8e20-e97aa12e7b9c"
			variableName="regularVendor" />

		<foreach doc:name="For Each"
			doc:id="6b06994b-f1e2-4ba7-9590-04af940df40e"
			collection="#[%dw 2.0&#10;output application/java&#10;---&#10;payload.Articles.Article.Purchasing]">

			<set-variable
				value='#[%dw 2.0&#10;output text/plain&#10;var vendorNumber = vars.vendorNumber&#10;---&#10;vendorNumber ++ (if (vendorNumber != "") "|" else "") ++ (payload.Purchasing_Data.Vendor_Numbers.Vendor_Number_Details.Vendor_Number as String)]'
				doc:name="resetvendorNumber"
				doc:id="fefdb835-b75b-4c63-b688-0142b74aeefd" variableName="vendorNumber" />

			<set-variable
				value='#[%dw 2.0&#10;output text/plain&#10;var vendorSubrangeCode = vars.vendorSubrangeCode&#10;---&#10;vendorSubrangeCode ++ (if (vendorSubrangeCode != "") "|" else "") ++ (payload.Purchasing_Data.Vendor_Subrange_Code as String)]'
				doc:name="resetvendorSubrangeCode"
				doc:id="62b4848f-00ce-4295-a0b1-272b8675b050"
				variableName="vendorSubrangeCode" />

			<set-variable
				value='#[%dw 2.0&#10;output text/plain&#10;var priorVendor = vars.priorVendor&#10;---&#10;priorVendor ++ (if (priorVendor != "") "|" else "") ++ (payload.Purchasing_Data.Prior_Vendors.Vendor_Number as String)]'
				doc:name="resetpriorVendor"
				doc:id="3004f7c3-cd63-4751-ade4-52b9ae338b2f"
				variableName="priorVendor" />

			<set-variable
				value='#[%dw 2.0&#10;output text/plain&#10;var regularVendor = vars.regularVendor&#10;---&#10;regularVendor ++ (if (regularVendor != "") "|" else "") ++ (payload.Purchasing_Data.Regular_Vendor as String)]'
				doc:name="resetregularVendor"
				doc:id="7cf28246-c24b-4697-8b9e-deff096db906"
				variableName="regularVendor" />

		</foreach>
	</sub-flow>
	
</mule>
