<?xml version="1.0" encoding="UTF-8"?>

<mule xmlns="http://www.mulesoft.org/schema/mule/core" xmlns:doc="http://www.mulesoft.org/schema/mule/documentation"
	xmlns:xsi="http://www.w3.org/2001/XMLSchema-instance"
	xsi:schemaLocation="http://www.mulesoft.org/schema/mule/core http://www.mulesoft.org/schema/mule/core/current/mule.xsd">
	<sub-flow name="EanMapping" doc:id="97ffc3ed-2709-4b0a-add3-4e4f2e3eb668" >
		<logger level="INFO" doc:name="Logger1" doc:id="54f661f9-556d-4fe2-b78a-eae6c1fc1465" message="#[payload]"/>
		<logger level="INFO" doc:name="Logger2" doc:id="a0677da5-ade8-4e62-9794-72129b455004" message="#[payload.Articles.Article.Alternalte_Units_Of_Measure]"/>
		<scatter-gather doc:name="Scatter-Gather" doc:id="5ac376e9-b417-4c29-9334-e8bb4be46671">
			<route>
				<set-variable value='#[%dw 2.0&#10;output text/plain&#10;---&#10;""]' doc:name="Set Encode" doc:id="dbec7d6e-3d3a-407e-883e-f230e43893d4" variableName="eanCode" />
			</route>
			<route>
				<set-variable value='#[%dw 2.0&#10;output text/plain&#10;---&#10;""]' doc:name="Set eanCategoryCode" doc:id="4aa95949-2914-4cd1-87e8-128f137058c7" variableName="eanCategoryCode" />
			</route>
			<route>
				<set-variable value='#[%dw 2.0&#10;output text/plain&#10;---&#10;""]' doc:name="Set eanCategoryDesc" doc:id="00429d69-2b65-42f6-8f32-eac490cd6e21" variableName="eanCategoryDesc" />
			</route>
			<route>
				<set-variable value='#[%dw 2.0&#10;output text/plain&#10;---&#10;""]' doc:name="Set eanLength" doc:id="02d2572c-cce3-4ac3-9693-97be25e23fa9" variableName="eanLength" />
			</route>
		</scatter-gather>
		<foreach doc:name="For Each" doc:id="a8880d25-5fc7-4869-85c3-7dc2dfba04bd" collection="#[payload.Articles.Article.Alternalte_Units_Of_Measure]">
			<scatter-gather doc:name="Scatter-Gather" doc:id="0b9246f5-bed5-4122-85b1-0dd593aff6d2">
				<route>
					<set-variable value='#[%dw 2.0&#10;output text/plain&#10;var eanCode = vars.eanCode&#10;---&#10;eanCode ++ (if (eanCode != "") "|" else "") ++ (payload.Units_Of_Measure.EAN_Code as String)]' doc:name="reseteanCode" doc:id="ad089680-6dd1-4a66-8b61-bf7fcfd9d188" variableName="eanCode" />
				</route>
				<route>
					<set-variable value='#[%dw 2.0&#10;output text/plain&#10;var eanCategoryCode = vars.eanCategoryCode&#10;---&#10;eanCategoryCode ++ (if (eanCategoryCode != "") "|" else "") ++ (payload.Units_Of_Measure.EAN_Category_Code as String)]' doc:name="reseteanCategoryCode" doc:id="e377b713-84b1-48c3-9d5d-8d75e424c39c" variableName="eanCategoryCode" />
				</route>
				<route>
					<set-variable value='#[%dw 2.0&#10;output text/plain&#10;var eanCategoryDesc = vars.eanCategoryDesc&#10;---&#10;eanCategoryDesc ++ (if (eanCategoryDesc != "") "|" else "") ++ (payload.Units_Of_Measure.EAN_Category_Desc as String)]' doc:name="reseteanCategoryDesc" doc:id="9538ca8e-5450-4d61-a513-67f359e88e9d" variableName="eanCategoryDesc" />
				</route>
				<route>
					<set-variable value='#[%dw 2.0&#10;output text/plain&#10;var eanLength = vars.eanLength&#10;---&#10;eanLength ++ (if (eanLength != "") "|" else "") ++ (payload.Units_Of_Measure.Length as String)]' doc:name="reseteanLength" doc:id="a9f2d138-9094-46af-a6e2-07f832af48a7" variableName="eanLength" />
				</route>
			</scatter-gather>
		</foreach>
	</sub-flow>
</mule>
