<?xml version="1.0" encoding="UTF-8"?>

<mule xmlns:jms="http://www.mulesoft.org/schema/mule/jms" xmlns:http="http://www.mulesoft.org/schema/mule/http"
	xmlns="http://www.mulesoft.org/schema/mule/core"
	xmlns:doc="http://www.mulesoft.org/schema/mule/documentation" xmlns:xsi="http://www.w3.org/2001/XMLSchema-instance" xsi:schemaLocation="http://www.mulesoft.org/schema/mule/core http://www.mulesoft.org/schema/mule/core/current/mule.xsd
http://www.mulesoft.org/schema/mule/http http://www.mulesoft.org/schema/mule/http/current/mule-http.xsd
http://www.mulesoft.org/schema/mule/jms http://www.mulesoft.org/schema/mule/jms/current/mule-jms.xsd">
	<jms:config name="JMS_Config" doc:name="JMS Config" doc:id="d0bf618d-1d99-41ce-897d-61a3c83bba64" >
		<jms:active-mq-connection />
	</jms:config>
	<http:listener-config name="HTTP_Listener_config" doc:name="HTTP Listener config" doc:id="8b4959c0-be26-4988-a114-2091feb69579" >
		<http:listener-connection host="0.0.0.0" port="8081" />
	</http:listener-config>
	<flow name="publisherFlow" doc:id="62295378-ba3e-4947-a87c-33d774b491e9" >
		<http:listener doc:name="Listener" doc:id="5aa6d8fe-738b-468a-b195-346fb26d4c50" config-ref="HTTP_Listener_config" path="caseStudy1"/>
		<jms:publish doc:name="Publish" doc:id="ba8bc7c5-98ff-485b-8023-133c09085af0" config-ref="JMS_Config" destination=" PRODUCT_INPUT"/>
	</flow>
</mule>
