<?xml version='1.0' encoding='UTF-8'?>
<types:mule xmlns:types="http://www.mulesoft.org/schema/mule/types">
  <types:catalog>
    <types:type name="auto_bcf87e99-11e3-4274-92cc-3ab9e650bc3d_Input-Payload" format="java">
      <types:shape format="weave" example="weave/autogenerated/bcf87e99-11e3-4274-92cc-3ab9e650bc3d/Input-Payload.wev" autogeneratedOrigin="efbead0b-32ca-4d6f-9381-219ce88b41a9"><![CDATA[%dw 2.0

type auto_bcf87e99_11e3_4274_92cc_3ab9e650bc3d_Input_Payload = Any {"class": "java.lang.Object"}

]]></types:shape>
    </types:type>
    <types:type name="auto_bcf87e99-11e3-4274-92cc-3ab9e650bc3d_Output-Payload" format="java">
      <types:shape format="weave" example="weave/autogenerated/bcf87e99-11e3-4274-92cc-3ab9e650bc3d/Output-Payload.wev" autogeneratedOrigin="efbead0b-32ca-4d6f-9381-219ce88b41a9"><![CDATA[%dw 2.0

type auto_bcf87e99_11e3_4274_92cc_3ab9e650bc3d_Output_Payload = Any {"class": "java.lang.Object"}

]]></types:shape>
    </types:type>
    <types:type name="auto_97ffc3ed-2709-4b0a-add3-4e4f2e3eb668_Input-Payload" format="java">
      <types:shape format="weave" example="weave/autogenerated/97ffc3ed-2709-4b0a-add3-4e4f2e3eb668/Input-Payload.wev" autogeneratedOrigin="c5b1699b-6ff8-43b4-a78d-01db977e8800"><![CDATA[%dw 2.0

type auto_97ffc3ed_2709_4b0a_add3_4e4f2e3eb668_Input_Payload = Any {"class": "java.lang.Object"}

]]></types:shape>
    </types:type>
    <types:type name="auto_b07da865-becc-44cd-a0c2-9bd8fc32b2c1_Input-Payload" format="java">
      <types:shape format="weave" example="weave/autogenerated/b07da865-becc-44cd-a0c2-9bd8fc32b2c1/Input-Payload.wev" autogeneratedOrigin="c5b1699b-6ff8-43b4-a78d-01db977e8800"><![CDATA[%dw 2.0

type auto_b07da865_becc_44cd_a0c2_9bd8fc32b2c1_Input_Payload = Any {"class": "java.lang.Object"}

]]></types:shape>
    </types:type>
    <types:type name="auto_b07da865-becc-44cd-a0c2-9bd8fc32b2c1_Output-Payload" format="java">
      <types:shape format="weave" example="weave/autogenerated/b07da865-becc-44cd-a0c2-9bd8fc32b2c1/Output-Payload.wev" autogeneratedOrigin="c5b1699b-6ff8-43b4-a78d-01db977e8800"><![CDATA[%dw 2.0

type auto_b07da865_becc_44cd_a0c2_9bd8fc32b2c1_Output_Payload = Any {"class": "java.lang.Object"}

]]></types:shape>
    </types:type>
    <types:type name="auto_97ffc3ed-2709-4b0a-add3-4e4f2e3eb668_Output-Payload" format="java">
      <types:shape format="weave" example="weave/autogenerated/97ffc3ed-2709-4b0a-add3-4e4f2e3eb668/Output-Payload.wev" autogeneratedOrigin="c5b1699b-6ff8-43b4-a78d-01db977e8800"><![CDATA[%dw 2.0

type auto_97ffc3ed_2709_4b0a_add3_4e4f2e3eb668_Output_Payload = {|
  "0": org_mule_runtime_api_message_Message {"typeId": "org.mule.runtime.api.message.Message"}, 
  "1": org_mule_runtime_api_message_Message_1 {"typeId": "org.mule.runtime.api.message.Message"}, 
  "2": org_mule_runtime_api_message_Message_3 {"typeId": "org.mule.runtime.api.message.Message"}, 
  "3": org_mule_runtime_api_message_Message_5 {"typeId": "org.mule.runtime.api.message.Message"}
|}
type org_mule_runtime_api_message_Message_1 = {| payload: Any |} {"typeId": "org.mule.runtime.api.message.Message"}


type org_mule_runtime_api_message_Message_3 = {| payload: Any |} {"typeId": "org.mule.runtime.api.message.Message"}


type org_mule_runtime_api_message_Message_5 = {| payload: Any |} {"typeId": "org.mule.runtime.api.message.Message"}


type org_mule_runtime_api_message_Message = {| payload: Any |} {"typeId": "org.mule.runtime.api.message.Message"}



]]></types:shape>
    </types:type>
    <types:type name="auto_97ffc3ed-2709-4b0a-add3-4e4f2e3eb668_Output-Attributes" format="java">
      <types:shape format="weave" example="weave/autogenerated/97ffc3ed-2709-4b0a-add3-4e4f2e3eb668/Output-Attributes.wev" autogeneratedOrigin="c5b1699b-6ff8-43b4-a78d-01db977e8800"><![CDATA[%dw 2.0

type auto_97ffc3ed_2709_4b0a_add3_4e4f2e3eb668_Output_Attributes = Null

]]></types:shape>
    </types:type>
    <types:type name="auto_febf7fa6-4105-4371-a72a-8dddbd6eb0d4_Input-Payload" format="java">
      <types:shape format="weave" example="weave/autogenerated/febf7fa6-4105-4371-a72a-8dddbd6eb0d4/Input-Payload.wev" autogeneratedOrigin="907a0b21-dc6f-49d8-a59c-91c1543314ad"><![CDATA[%dw 2.0

type auto_febf7fa6_4105_4371_a72a_8dddbd6eb0d4_Input_Payload = Any {"class": "java.lang.Object"}

]]></types:shape>
    </types:type>
    <types:type name="auto_febf7fa6-4105-4371-a72a-8dddbd6eb0d4_Output-Payload" format="java">
      <types:shape format="weave" example="weave/autogenerated/febf7fa6-4105-4371-a72a-8dddbd6eb0d4/Output-Payload.wev" autogeneratedOrigin="907a0b21-dc6f-49d8-a59c-91c1543314ad"><![CDATA[%dw 2.0

type auto_febf7fa6_4105_4371_a72a_8dddbd6eb0d4_Output_Payload = Any {"class": "java.lang.Object"}

]]></types:shape>
    </types:type>
  </types:catalog>
  <types:enrichment select="#bcf87e99-11e3-4274-92cc-3ab9e650bc3d">
    <types:processor-declaration>
      <types:input-event>
        <types:message>
          <types:payload type="auto_bcf87e99-11e3-4274-92cc-3ab9e650bc3d_Input-Payload"/>
        </types:message>
      </types:input-event>
      <types:output-event>
        <types:message>
          <types:payload type="auto_bcf87e99-11e3-4274-92cc-3ab9e650bc3d_Output-Payload"/>
        </types:message>
      </types:output-event>
    </types:processor-declaration>
  </types:enrichment>
  <types:enrichment select="#97ffc3ed-2709-4b0a-add3-4e4f2e3eb668">
    <types:processor-declaration>
      <types:input-event>
        <types:message>
          <types:payload type="auto_97ffc3ed-2709-4b0a-add3-4e4f2e3eb668_Input-Payload"/>
        </types:message>
      </types:input-event>
      <types:output-event>
        <types:message>
          <types:payload type="auto_97ffc3ed-2709-4b0a-add3-4e4f2e3eb668_Output-Payload"/>
          <types:attributes type="auto_97ffc3ed-2709-4b0a-add3-4e4f2e3eb668_Output-Attributes"/>
        </types:message>
      </types:output-event>
    </types:processor-declaration>
  </types:enrichment>
  <types:enrichment select="#b07da865-becc-44cd-a0c2-9bd8fc32b2c1">
    <types:processor-declaration>
      <types:input-event>
        <types:message>
          <types:payload type="auto_b07da865-becc-44cd-a0c2-9bd8fc32b2c1_Input-Payload"/>
        </types:message>
      </types:input-event>
      <types:output-event>
        <types:message>
          <types:payload type="auto_b07da865-becc-44cd-a0c2-9bd8fc32b2c1_Output-Payload"/>
        </types:message>
      </types:output-event>
    </types:processor-declaration>
  </types:enrichment>
  <types:enrichment select="#febf7fa6-4105-4371-a72a-8dddbd6eb0d4">
    <types:processor-declaration>
      <types:input-event>
        <types:message>
          <types:payload type="auto_febf7fa6-4105-4371-a72a-8dddbd6eb0d4_Input-Payload"/>
        </types:message>
      </types:input-event>
      <types:output-event>
        <types:message>
          <types:payload type="auto_febf7fa6-4105-4371-a72a-8dddbd6eb0d4_Output-Payload"/>
        </types:message>
      </types:output-event>
    </types:processor-declaration>
  </types:enrichment>
</types:mule>